{"format":"web-program-pre1","manifest":[{"path":"packages/underscore.js","where":"client","type":"js","cacheable":true,"url":"/packages/underscore.js?hash=cde485f60699ff9aced3305f70189e39c665183c","size":150249,"hash":"cde485f60699ff9aced3305f70189e39c665183c"},{"path":"packages/meteor.js","where":"client","type":"js","cacheable":true,"url":"/packages/meteor.js?hash=b09c234116cd2599026c6a5d872d2896d8ab5885","size":123128,"hash":"b09c234116cd2599026c6a5d872d2896d8ab5885"},{"path":"packages/meteor-base.js","where":"client","type":"js","cacheable":true,"url":"/packages/meteor-base.js?hash=a4d07a6b394e56bbe6ccc773c95e7cdb3434960d","size":720,"hash":"a4d07a6b394e56bbe6ccc773c95e7cdb3434960d"},{"path":"packages/autopublish.js","where":"client","type":"js","cacheable":true,"url":"/packages/autopublish.js?hash=073bd4c42d2fb6182c944501b4f30e8d17bcceb3","size":717,"hash":"073bd4c42d2fb6182c944501b4f30e8d17bcceb3"},{"path":"packages/insecure.js","where":"client","type":"js","cacheable":true,"url":"/packages/insecure.js?hash=a0e5f17c280f4c7b05178d36a7ceb07cb7b086c6","size":714,"hash":"a0e5f17c280f4c7b05178d36a7ceb07cb7b086c6"},{"path":"packages/tracker.js","where":"client","type":"js","cacheable":true,"url":"/packages/tracker.js?hash=9f8a0cec09c662aad5a5e224447b2d4e88d011ef","size":85367,"hash":"9f8a0cec09c662aad5a5e224447b2d4e88d011ef"},{"path":"packages/base64.js","where":"client","type":"js","cacheable":true,"url":"/packages/base64.js?hash=0053489bb30bb5c0e3545df151f83e41150344b0","size":15332,"hash":"0053489bb30bb5c0e3545df151f83e41150344b0"},{"path":"packages/ejson.js","where":"client","type":"js","cacheable":true,"url":"/packages/ejson.js?hash=0f17ced99d522d48cd8f8b2139167fd06babd969","size":81952,"hash":"0f17ced99d522d48cd8f8b2139167fd06babd969"},{"path":"packages/modules-runtime.js","where":"client","type":"js","cacheable":true,"url":"/packages/modules-runtime.js?hash=0969a3165abf9612f4fb6ca11e39ddbae2c52756","size":42886,"hash":"0969a3165abf9612f4fb6ca11e39ddbae2c52756"},{"path":"packages/modules.js","where":"client","type":"js","cacheable":true,"url":"/packages/modules.js?hash=ed63471e3908461892126ecfd2caa8034a7721d2","size":364310,"hash":"ed63471e3908461892126ecfd2caa8034a7721d2"},{"path":"packages/promise.js","where":"client","type":"js","cacheable":true,"url":"/packages/promise.js?hash=d33dfe2c4ba20393154f419ebfceeaf610499291","size":65658,"hash":"d33dfe2c4ba20393154f419ebfceeaf610499291"},{"path":"packages/ecmascript-runtime.js","where":"client","type":"js","cacheable":true,"url":"/packages/ecmascript-runtime.js?hash=f7e181e2f8dad8ea7cdf1faaf8f3c1b47de11272","size":519496,"hash":"f7e181e2f8dad8ea7cdf1faaf8f3c1b47de11272"},{"path":"packages/babel-compiler.js","where":"client","type":"js","cacheable":true,"url":"/packages/babel-compiler.js?hash=a9546d4e245cfe40b406e08d40bf106241f01683","size":723,"hash":"a9546d4e245cfe40b406e08d40bf106241f01683"},{"path":"packages/ecmascript.js","where":"client","type":"js","cacheable":true,"url":"/packages/ecmascript.js?hash=370a8752194bcf73be7fffa3635715d0fbf7853d","size":716,"hash":"370a8752194bcf73be7fffa3635715d0fbf7853d"},{"path":"packages/id-map.js","where":"client","type":"js","cacheable":true,"url":"/packages/id-map.js?hash=c7aea8dfa2bf46ff2ae0aa6c6cf09e36abc61d07","size":8189,"hash":"c7aea8dfa2bf46ff2ae0aa6c6cf09e36abc61d07"},{"path":"packages/ordered-dict.js","where":"client","type":"js","cacheable":true,"url":"/packages/ordered-dict.js?hash=bacdd1852075630a01f7de783e5e8e8aa8541cdc","size":20041,"hash":"bacdd1852075630a01f7de783e5e8e8aa8541cdc"},{"path":"packages/babel-runtime.js","where":"client","type":"js","cacheable":true,"url":"/packages/babel-runtime.js?hash=1db3784a7268156b770997413c0a7a82d866994a","size":11132,"hash":"1db3784a7268156b770997413c0a7a82d866994a"},{"path":"packages/random.js","where":"client","type":"js","cacheable":true,"url":"/packages/random.js?hash=a3be1ee923a6fc933f063c7f8de3e15243e12f47","sourceMap":"packages/random.js.map","sourceMapUrl":"/packages/a3be1ee923a6fc933f063c7f8de3e15243e12f47.map","size":39765,"hash":"a3be1ee923a6fc933f063c7f8de3e15243e12f47"},{"path":"packages/mongo-id.js","where":"client","type":"js","cacheable":true,"url":"/packages/mongo-id.js?hash=345d169d517353f8146292b4abd24061721f8b26","size":12235,"hash":"345d169d517353f8146292b4abd24061721f8b26"},{"path":"packages/diff-sequence.js","where":"client","type":"js","cacheable":true,"url":"/packages/diff-sequence.js?hash=15014d7b1e11c05111a386992e684ab1d3cc4158","size":24291,"hash":"15014d7b1e11c05111a386992e684ab1d3cc4158"},{"path":"packages/geojson-utils.js","where":"client","type":"js","cacheable":true,"url":"/packages/geojson-utils.js?hash=b204c7d4caf119e6883522fb87c6cce060724bf0","size":46635,"hash":"b204c7d4caf119e6883522fb87c6cce060724bf0"},{"path":"packages/minimongo.js","where":"client","type":"js","cacheable":true,"url":"/packages/minimongo.js?hash=68d94baf766fd5bcc86fc44a6758779727eb60f8","sourceMap":"packages/minimongo.js.map","sourceMapUrl":"/packages/68d94baf766fd5bcc86fc44a6758779727eb60f8.map","size":457993,"hash":"68d94baf766fd5bcc86fc44a6758779727eb60f8"},{"path":"packages/check.js","where":"client","type":"js","cacheable":true,"url":"/packages/check.js?hash=87c633843915b879a0c9676ea81f1cd351296e41","size":67991,"hash":"87c633843915b879a0c9676ea81f1cd351296e41"},{"path":"packages/retry.js","where":"client","type":"js","cacheable":true,"url":"/packages/retry.js?hash=1e409617b538ff3e2b0238b15e45b3380c51a224","size":6891,"hash":"1e409617b538ff3e2b0238b15e45b3380c51a224"},{"path":"packages/ddp-common.js","where":"client","type":"js","cacheable":true,"url":"/packages/ddp-common.js?hash=d42359bcace6c66ac90e2782193494253ee68155","size":45313,"hash":"d42359bcace6c66ac90e2782193494253ee68155"},{"path":"packages/reload.js","where":"client","type":"js","cacheable":true,"url":"/packages/reload.js?hash=628b069673bffbc7390ba84ece8809c8c88c2eed","size":26433,"hash":"628b069673bffbc7390ba84ece8809c8c88c2eed"},{"path":"packages/ddp-client.js","where":"client","type":"js","cacheable":true,"url":"/packages/ddp-client.js?hash=bc32a166cd269e06a394f9418e0024d805bab379","size":594795,"hash":"bc32a166cd269e06a394f9418e0024d805bab379"},{"path":"packages/ddp.js","where":"client","type":"js","cacheable":true,"url":"/packages/ddp.js?hash=25dc3f428447c81620c91c4245dbc6e4f7d32fb7","size":874,"hash":"25dc3f428447c81620c91c4245dbc6e4f7d32fb7"},{"path":"packages/ddp-server.js","where":"client","type":"js","cacheable":true,"url":"/packages/ddp-server.js?hash=1beefbc7bd033ea687e7ab8fbd5694df072662af","size":719,"hash":"1beefbc7bd033ea687e7ab8fbd5694df072662af"},{"path":"packages/allow-deny.js","where":"client","type":"js","cacheable":true,"url":"/packages/allow-deny.js?hash=9651dba61aa212828975b89e7c889af540c6a5da","sourceMap":"packages/allow-deny.js.map","sourceMapUrl":"/packages/9651dba61aa212828975b89e7c889af540c6a5da.map","size":62589,"hash":"9651dba61aa212828975b89e7c889af540c6a5da"},{"path":"packages/mongo.js","where":"client","type":"js","cacheable":true,"url":"/packages/mongo.js?hash=1fe519a6f73ef76e8a548dd33cd2ee431730212f","sourceMap":"packages/mongo.js.map","sourceMapUrl":"/packages/1fe519a6f73ef76e8a548dd33cd2ee431730212f.map","size":97760,"hash":"1fe519a6f73ef76e8a548dd33cd2ee431730212f"},{"path":"packages/reactive-dict.js","where":"client","type":"js","cacheable":true,"url":"/packages/reactive-dict.js?hash=fafa4f575f707596da31c349eb0ddb1f899f1e3d","sourceMap":"packages/reactive-dict.js.map","sourceMapUrl":"/packages/fafa4f575f707596da31c349eb0ddb1f899f1e3d.map","size":35527,"hash":"fafa4f575f707596da31c349eb0ddb1f899f1e3d"},{"path":"packages/session.js","where":"client","type":"js","cacheable":true,"url":"/packages/session.js?hash=821b0746e602b3be69538d299d6866e222121b54","size":6138,"hash":"821b0746e602b3be69538d299d6866e222121b54"},{"path":"packages/blaze-html-templates.js","where":"client","type":"js","cacheable":true,"url":"/packages/blaze-html-templates.js?hash=6e8335ce66460e45f00da73c7497654c5e26e236","size":729,"hash":"6e8335ce66460e45f00da73c7497654c5e26e236"},{"path":"packages/standard-minifier-css.js","where":"client","type":"js","cacheable":true,"url":"/packages/standard-minifier-css.js?hash=cfe82682f4394d3ffc6335555c1f9f3f73294507","size":730,"hash":"cfe82682f4394d3ffc6335555c1f9f3f73294507"},{"path":"packages/standard-minifier-js.js","where":"client","type":"js","cacheable":true,"url":"/packages/standard-minifier-js.js?hash=041bab58c8a89172eaab795deb5d96e38b64ec37","size":729,"hash":"041bab58c8a89172eaab795deb5d96e38b64ec37"},{"path":"packages/shell-server.js","where":"client","type":"js","cacheable":true,"url":"/packages/shell-server.js?hash=6ff1313e4bf7618e577eb2604a580b2ea9b7631f","size":721,"hash":"6ff1313e4bf7618e577eb2604a580b2ea9b7631f"},{"path":"packages/webapp.js","where":"client","type":"js","cacheable":true,"url":"/packages/webapp.js?hash=7d7982c2400cb07921a9a65fb77da05010d32166","sourceMap":"packages/webapp.js.map","sourceMapUrl":"/packages/7d7982c2400cb07921a9a65fb77da05010d32166.map","size":3970,"hash":"7d7982c2400cb07921a9a65fb77da05010d32166"},{"path":"packages/livedata.js","where":"client","type":"js","cacheable":true,"url":"/packages/livedata.js?hash=7cf1831a60b48e304b054aee1ae0f7e38ff35d09","size":958,"hash":"7cf1831a60b48e304b054aee1ae0f7e38ff35d09"},{"path":"packages/hot-code-push.js","where":"client","type":"js","cacheable":true,"url":"/packages/hot-code-push.js?hash=2e864a0bdd0d5f686115099f8c48eb6c866b5b14","size":722,"hash":"2e864a0bdd0d5f686115099f8c48eb6c866b5b14"},{"path":"packages/jquery.js","where":"client","type":"js","cacheable":true,"url":"/packages/jquery.js?hash=c57b3cfa0ca9c66400d4456b6f6f1e486ee10aad","size":1297965,"hash":"c57b3cfa0ca9c66400d4456b6f6f1e486ee10aad"},{"path":"packages/observe-sequence.js","where":"client","type":"js","cacheable":true,"url":"/packages/observe-sequence.js?hash=14ae414f59c9a1202fbeef872fed40cc98bdc692","size":32549,"hash":"14ae414f59c9a1202fbeef872fed40cc98bdc692"},{"path":"packages/reactive-var.js","where":"client","type":"js","cacheable":true,"url":"/packages/reactive-var.js?hash=ec712fa3ae588c4a1e7017f0bb4507c725391225","size":13609,"hash":"ec712fa3ae588c4a1e7017f0bb4507c725391225"},{"path":"packages/deps.js","where":"client","type":"js","cacheable":true,"url":"/packages/deps.js?hash=7313f5a2685c6c2c673c78c15c8ce86ff59ab0c9","size":932,"hash":"7313f5a2685c6c2c673c78c15c8ce86ff59ab0c9"},{"path":"packages/htmljs.js","where":"client","type":"js","cacheable":true,"url":"/packages/htmljs.js?hash=1ac878018eee6c53ed1375dc7ee75fc6865666ae","size":60540,"hash":"1ac878018eee6c53ed1375dc7ee75fc6865666ae"},{"path":"packages/blaze.js","where":"client","type":"js","cacheable":true,"url":"/packages/blaze.js?hash=813922cefaf3c9d7388442268c14f87d2dde795f","size":472629,"hash":"813922cefaf3c9d7388442268c14f87d2dde795f"},{"path":"packages/ui.js","where":"client","type":"js","cacheable":true,"url":"/packages/ui.js?hash=039c55a98376abd03d9d8cd4100895861b897643","size":979,"hash":"039c55a98376abd03d9d8cd4100895861b897643"},{"path":"packages/spacebars.js","where":"client","type":"js","cacheable":true,"url":"/packages/spacebars.js?hash=ebf9381e7fc625d41acb0df14995b7614360858a","size":26814,"hash":"ebf9381e7fc625d41acb0df14995b7614360858a"},{"path":"packages/templating-compiler.js","where":"client","type":"js","cacheable":true,"url":"/packages/templating-compiler.js?hash=a71883cdec50e95ca135291415990753ed6d57fc","size":728,"hash":"a71883cdec50e95ca135291415990753ed6d57fc"},{"path":"packages/templating-runtime.js","where":"client","type":"js","cacheable":true,"url":"/packages/templating-runtime.js?hash=c18de19afda6e9f0db7faf3d4382a4c953cabe18","size":24132,"hash":"c18de19afda6e9f0db7faf3d4382a4c953cabe18"},{"path":"packages/templating.js","where":"client","type":"js","cacheable":true,"url":"/packages/templating.js?hash=c2cf38de06efb47f67affb2dff9320e5eef33893","size":909,"hash":"c2cf38de06efb47f67affb2dff9320e5eef33893"},{"path":"packages/url.js","where":"client","type":"js","cacheable":true,"url":"/packages/url.js?hash=7eb918ff381bb4bb1470d8fb1c3b9dcfe3dc97e4","size":6287,"hash":"7eb918ff381bb4bb1470d8fb1c3b9dcfe3dc97e4"},{"path":"packages/http.js","where":"client","type":"js","cacheable":true,"url":"/packages/http.js?hash=9355a65a433bea87be60bc1fd90e0ef608af93e4","sourceMap":"packages/http.js.map","sourceMapUrl":"/packages/9355a65a433bea87be60bc1fd90e0ef608af93e4.map","size":36417,"hash":"9355a65a433bea87be60bc1fd90e0ef608af93e4"},{"path":"packages/autoupdate.js","where":"client","type":"js","cacheable":true,"url":"/packages/autoupdate.js?hash=cdfb6b94a347d718a41c216182b9aac5f2910d08","size":9869,"hash":"cdfb6b94a347d718a41c216182b9aac5f2910d08"},{"path":"packages/global-imports.js","where":"client","type":"js","cacheable":true,"url":"/packages/global-imports.js?hash=575e6387512392a72582b343488a4d557399dee8","size":600,"hash":"575e6387512392a72582b343488a4d557399dee8"},{"path":"app/template.leaderboard.js","where":"client","type":"js","cacheable":true,"url":"/app/template.leaderboard.js?hash=7ba47d0039cbf8bc3379be2ae7169d9c24dfcad4","size":1911,"hash":"7ba47d0039cbf8bc3379be2ae7169d9c24dfcad4"},{"path":"app/leaderboard.js","where":"client","type":"js","cacheable":true,"url":"/app/leaderboard.js?hash=ced34dbe0aca8a79b605bcc2cb9300b6851ba520","size":1395,"hash":"ced34dbe0aca8a79b605bcc2cb9300b6851ba520"},{"path":"merged-stylesheets.css","where":"client","type":"css","cacheable":true,"url":"/merged-stylesheets.css?hash=c2b9d08e111fe16e16f8c46d67f53c84e2e72491","sourceMap":"merged-stylesheets.css.map","sourceMapUrl":"/c2b9d08e111fe16e16f8c46d67f53c84e2e72491.map","size":4423,"hash":"c2b9d08e111fe16e16f8c46d67f53c84e2e72491"},{"path":"head.html","where":"internal","type":"head","hash":"19b39a39f7ad82cd1428c799f239ee2e78b08ca9"}],"cordovaCompatibilityVersions":{"android":"a34267b57cedf7ce3f6e2ae6882937df34168bda","ios":"773c28cc4f6a4782bbab56c56d728f6a38d94e45"},"version":"9e6a06d11ea1599216680f024cb3c102d4a69104"}