{
    "prepare_queue": {
        "installed": [],
        "uninstalled": []
    },
    "config_munge": {
        "files": {
            "res/xml/config.xml": {
                "parents": {
                    "/*": [
                        {
                            "xml": "<feature name=\"Whitelist\"><param name=\"android-package\" value=\"org.apache.cordova.whitelist.WhitelistPlugin\" /><param name=\"onload\" value=\"true\" /></feature>",
                            "count": 1
                        },
                        {
                            "xml": "<feature name=\"WebAppLocalServer\"><param name=\"android-package\" value=\"com.meteor.webapp.WebAppLocalServer\" /><param name=\"onload\" value=\"true\" /></feature>",
                            "count": 1
                        }
                    ]
                }
            }
        }
    },
    "installed_plugins": {
        "cordova-plugin-whitelist": {
            "PACKAGE_NAME": "com.id1v4c8udff1yytd377fx"
        },
        "cordova-plugin-wkwebview-engine": {
            "PACKAGE_NAME": "com.id1v4c8udff1yytd377fx"
        },
        "cordova-plugin-meteor-webapp": {
            "PACKAGE_NAME": "com.id1v4c8udff1yytd377fx"
        }
    },
    "dependent_plugins": {},
    "modules": [
        {
            "id": "cordova-plugin-meteor-webapp.WebAppLocalServer",
            "file": "plugins/cordova-plugin-meteor-webapp/www/webapp_local_server.js",
            "pluginId": "cordova-plugin-meteor-webapp",
            "merges": [
                "WebAppLocalServer"
            ]
        }
    ],
    "plugin_metadata": {
        "cordova-plugin-whitelist": "1.3.1",
        "cordova-plugin-wkwebview-engine": "1.1.1",
        "cordova-plugin-meteor-webapp": "1.4.0"
    }
}